{
    "name": "UA Token",
    "symbol": "UA",
    "decimals": 6,
    "mint": "AhpZHEopZpqLJ2XYgHfRr8dxhTLCHDTTDuw7dStyoawH",
    "description": "UA Token — фіксований токен на мережі Solana з максимальною емісією 10,000,000 UA, створений для підтримки та розвитку українських криптопроєктів.",
    "website": "https://volya.io",
    "twitter": "https://twitter.com/volya089",
    "telegram": "https://t.me/VolyaUkraineOfficial"
}